Title,Year,Rated,Released,Runtime,Genre,Director,Writer,Actors,Plot,Language,Country,Awards,Poster,Ratings,Metascore,imdbRating,imdbVotes,imdbID,Type,DVD,BoxOffice,Production,Website,Response,IMDB_Rating,Rotten_Tomatoes_Rating,Metacritic_Rating
"Crazy, Stupid, Love.",2011,PG-13,29 Jul 2011,118 min,"Comedy, Drama, Romance","Glenn Ficarra, John Requa",Dan Fogelman,"Steve Carell, Ryan Gosling, Julianne Moore","A middle-aged husband's life changes dramatically when his wife asks him for a divorce. He seeks to rediscover his manhood with the help of a newfound friend, Jacob, learning to pick up girls at bars.",English,United States,5 wins & 23 nominations,https://m.media-amazon.com/images/M/MV5BMTg2MjkwMTM0NF5BMl5BanBnXkFtZTcwMzc4NDg2NQ@@._V1_SX300.jpg,"[{'Source': 'Internet Movie Database', 'Value': '7.4/10'}, {'Source': 'Rotten Tomatoes', 'Value': '79%'}, {'Source': 'Metacritic', 'Value': '68/100'}]",68,7.4,"573,103",tt1570728,movie,13 Apr 2016,"$84,379,584","Carousel, DiNovi Pictures",N/A,True,7.4/10,79%,68/100
Love Actually,2003,R,14 Nov 2003,135 min,"Comedy, Drama, Romance",Richard Curtis,Richard Curtis,"Hugh Grant, Martine McCutcheon, Liam Neeson","Follows the lives of eight very different couples in dealing with their love lives in various loosely interrelated tales all set during a frantic month before Christmas in London, England.","English, Portuguese, French","United Kingdom, France, United States",Won 1 BAFTA Award11 wins & 29 nominations total,https://m.media-amazon.com/images/M/MV5BYWRlZjcwYTgtYWJkOS00MGYwLTk3Y2ItNmU4NTg5Nzg2YTQ2XkEyXkFqcGc@._V1_SX300.jpg,"[{'Source': 'Internet Movie Database', 'Value': '7.6/10'}, {'Source': 'Rotten Tomatoes', 'Value': '64%'}, {'Source': 'Metacritic', 'Value': '55/100'}]",55,7.6,"535,411",tt0314331,movie,N/A,"$60,221,410",N/A,N/A,True,7.6/10,64%,55/100
Dr. Strangelove or: How I Learned to Stop Worrying and Love the Bomb,1964,PG,29 Jan 1964,95 min,"Comedy, War",Stanley Kubrick,"Stanley Kubrick, Terry Southern, Peter George","Peter Sellers, George C. Scott, Sterling Hayden","An unhinged American general orders a bombing attack on the Soviet Union, triggering a path to nuclear holocaust that a war room full of politicians and generals frantically tries to stop.","English, Russian","United Kingdom, United States",Nominated for 4 Oscars. 14 wins & 11 nominations total,https://m.media-amazon.com/images/M/MV5BZWI3ZTMxNjctMjdlNS00NmUwLWFiM2YtZDUyY2I3N2MxYTE0XkEyXkFqcGdeQXVyNzkwMjQ5NzM@._V1_SX300.jpg,"[{'Source': 'Internet Movie Database', 'Value': '8.3/10'}, {'Source': 'Rotten Tomatoes', 'Value': '98%'}, {'Source': 'Metacritic', 'Value': '97/100'}]",97,8.3,"522,627",tt0057012,movie,N/A,"$9,440,272",N/A,N/A,True,8.3/10,98%,97/100
Thor: Love and Thunder,2022,PG-13,08 Jul 2022,118 min,"Action, Adventure, Comedy",Taika Waititi,"Taika Waititi, Jennifer Kaytin Robinson, Stan Lee","Chris Hemsworth, Natalie Portman, Christian Bale","Thor enlists the help of Valkyrie, Korg and ex-girlfriend Jane Foster to fight Gorr the God Butcher, who intends to make the gods extinct.",English,"Australia, United States",3 wins & 22 nominations,https://m.media-amazon.com/images/M/MV5BYmMxZWRiMTgtZjM0Ny00NDQxLWIxYWQtZDdlNDNkOTEzYTdlXkEyXkFqcGdeQXVyMTkxNjUyNQ@@._V1_SX300.jpg,"[{'Source': 'Internet Movie Database', 'Value': '6.2/10'}, {'Source': 'Rotten Tomatoes', 'Value': '63%'}, {'Source': 'Metacritic', 'Value': '57/100'}]",57,6.2,"411,455",tt10648342,movie,N/A,"$343,256,830",N/A,N/A,True,6.2/10,63%,57/100
Shakespeare in Love,1998,R,08 Jan 1999,123 min,"Comedy, Drama, History",John Madden,"Marc Norman, Tom Stoppard","Gwyneth Paltrow, Joseph Fiennes, Geoffrey Rush","The world's greatest ever playwright, William Shakespeare, is young, out of ideas and short of cash, but meets his ideal woman and is inspired to write one of his most famous plays.",English,"United States, United Kingdom",Won 7 Oscars. 65 wins & 87 nominations total,https://m.media-amazon.com/images/M/MV5BM2ZkNjM5MjEtNTBlMC00OTI5LTgyYmEtZDljMzNmNzhiNzY0XkEyXkFqcGdeQXVyNDYyMDk5MTU@._V1_SX300.jpg,"[{'Source': 'Internet Movie Database', 'Value': '7.1/10'}, {'Source': 'Rotten Tomatoes', 'Value': '92%'}, {'Source': 'Metacritic', 'Value': '87/100'}]",87,7.1,"235,318",tt0138097,movie,N/A,"$100,317,794",N/A,N/A,True,7.1/10,92%,87/100
Love & Other Drugs,2010,R,24 Nov 2010,112 min,"Comedy, Drama, Romance",Edward Zwick,"Charles Randolph, Edward Zwick, Marshall Herskovitz","Jake Gyllenhaal, Anne Hathaway, Judy Greer","In 1990s Pittsburgh, a medicine peddler starts a relationship with a young woman suffering from Parkinson's disease.",English,United States,1 win & 5 nominations,https://m.media-amazon.com/images/M/MV5BMTgxOTczODEyMF5BMl5BanBnXkFtZTcwMDc0NDY4Mw@@._V1_SX300.jpg,"[{'Source': 'Internet Movie Database', 'Value': '6.7/10'}, {'Source': 'Rotten Tomatoes', 'Value': '49%'}, {'Source': 'Metacritic', 'Value': '55/100'}]",55,6.7,"227,916",tt0758752,movie,N/A,"$32,367,005",N/A,N/A,True,6.7/10,49%,55/100
P.S. I Love You,2007,PG-13,21 Dec 2007,126 min,"Comedy, Drama, Romance",Richard LaGravenese,"Richard LaGravenese, Steven Rogers, Cecelia Ahern","Hilary Swank, Gerard Butler, Harry Connick Jr.",A young widow discovers that her late husband has left her 10 messages intended to help ease her pain and start a new life.,English,United States,2 wins & 4 nominations,https://m.media-amazon.com/images/M/MV5BNTg2MDg4MjI5NV5BMl5BanBnXkFtZTcwMzQ0MDczMw@@._V1_SX300.jpg,"[{'Source': 'Internet Movie Database', 'Value': '7.0/10'}, {'Source': 'Metacritic', 'Value': '39/100'}]",39,7.0,"218,905",tt0431308,movie,05 Feb 2008,"$53,706,790",N/A,N/A,True,7.0/10,,39/100
"I Love You, Man",2009,R,20 Mar 2009,105 min,"Comedy, Romance",John Hamburg,"John Hamburg, Larry Levin","Paul Rudd, Jason Segel, Rashida Jones","Friendless Peter Klaven goes on a series of man-dates to find a Best Man for his wedding. But, when his insta-bond with his new B.F.F. puts a strain on his relationship with his fiancée, can the trio learn to live happily ever after?",English,United States,1 win & 8 nominations,https://m.media-amazon.com/images/M/MV5BMTU4MjI5NTEyNV5BMl5BanBnXkFtZTcwNjQ1NTMzMg@@._V1_SX300.jpg,"[{'Source': 'Internet Movie Database', 'Value': '7.0/10'}, {'Source': 'Rotten Tomatoes', 'Value': '83%'}, {'Source': 'Metacritic', 'Value': '70/100'}]",70,7.0,"217,870",tt1155056,movie,N/A,"$71,440,011",N/A,N/A,True,7.0/10,83%,70/100
Punch-Drunk Love,2002,R,01 Nov 2002,95 min,"Comedy, Drama, Romance",Paul Thomas Anderson,Paul Thomas Anderson,"Adam Sandler, Emily Watson, Philip Seymour Hoffman",Socially frustrated Barry Egan calls a phone-sex line to curb his loneliness. Little does he know it will land him in deep trouble and will jeopardize his burgeoning romance with the mysterious Lena.,English,United States,14 wins & 37 nominations,https://m.media-amazon.com/images/M/MV5BYmE1OTY4NjgtYjcwNC00NWE4LWJiNGMtZmVhYTdlMWE1YzIxXkEyXkFqcGdeQXVyMTMxODk2OTU@._V1_SX300.jpg,"[{'Source': 'Internet Movie Database', 'Value': '7.3/10'}, {'Source': 'Rotten Tomatoes', 'Value': '79%'}, {'Source': 'Metacritic', 'Value': '78/100'}]",78,7.3,"180,335",tt0272338,movie,N/A,"$17,844,216",N/A,N/A,True,7.3/10,79%,78/100
In the Mood for Love,2000,PG,09 Mar 2001,98 min,"Drama, Romance",Kar-Wai Wong,Kar-Wai Wong,"Tony Leung Chiu-wai, Maggie Cheung, Siu Ping-Lam","Two neighbors form a strong bond after both suspect extramarital activities of their spouses. However, they agree to keep their bond platonic so as not to commit similar wrongs.","Cantonese, Shanghainese, French, Spanish","Hong Kong, France",Nominated for 1 BAFTA Award44 wins & 50 nominations total,https://m.media-amazon.com/images/M/MV5BYWVjNjMwZTgtMGYyYy00NmVhLWE1NDItMzFhMmJkYTNjYWIwXkEyXkFqcGdeQXVyNjU0OTQ0OTY@._V1_SX300.jpg,"[{'Source': 'Internet Movie Database', 'Value': '8.1/10'}, {'Source': 'Rotten Tomatoes', 'Value': '92%'}, {'Source': 'Metacritic', 'Value': '87/100'}]",87,8.1,"169,609",tt0118694,movie,N/A,"$2,738,980",N/A,N/A,True,8.1/10,92%,87/100
"Love, Rosie",2014,R,17 Oct 2014,102 min,"Comedy, Romance",Christian Ditter,"Juliette Towhidi, Cecelia Ahern","Lily Collins, Sam Claflin, Christian Cooke","Rosie and Alex have been best friends since they were 5, so they couldn't possibly be right for one another...or could they? When it comes to love, life and making the right choices, these two are their own worst enemies.",English,"Germany, United Kingdom",N/A,https://m.media-amazon.com/images/M/MV5BMTk0Mzg1MTU1MF5BMl5BanBnXkFtZTgwMjU3ODI2MzE@._V1_SX300.jpg,"[{'Source': 'Internet Movie Database', 'Value': '7.1/10'}, {'Source': 'Rotten Tomatoes', 'Value': '31%'}, {'Source': 'Metacritic', 'Value': '44/100'}]",44,7.1,"157,626",tt1638002,movie,N/A,"$20,431",N/A,N/A,True,7.1/10,31%,44/100
Love and Monsters,2020,PG-13,16 Oct 2020,109 min,"Action, Adventure, Comedy",Michael Matthews,"Brian Duffield, Matthew Robinson","Dylan O'Brien, Jessica Henwick, Michael Rooker","Seven years after he survived the monster apocalypse, lovably hapless Joel leaves his cozy underground bunker behind on a quest to reunite with his high school sweetheart.",English,"Canada, United States, Australia",Nominated for 1 Oscar. 1 win & 4 nominations total,https://m.media-amazon.com/images/M/MV5BYWVkMWEyMDUtZTVmOC00MTYxLWE1ZTUtNjk4M2IzMjY2OTIxXkEyXkFqcGdeQXVyMDk5Mzc5MQ@@._V1_SX300.jpg,"[{'Source': 'Internet Movie Database', 'Value': '6.9/10'}, {'Source': 'Rotten Tomatoes', 'Value': '94%'}, {'Source': 'Metacritic', 'Value': '63/100'}]",63,6.9,"147,862",tt2222042,movie,N/A,"$1,070,714",N/A,N/A,True,6.9/10,94%,63/100
From Russia with Love,1963,PG,27 May 1964,115 min,"Action, Adventure, Thriller",Terence Young,"Richard Maibaum, Johanna Harwood, Ian Fleming","Sean Connery, Robert Shaw, Lotte Lenya",James Bond willingly falls into an assassination plot involving a naive Russian beauty in order to retrieve a Soviet encryption device that was stolen by the organization Spectre.,"English, Russian, Turkish, French, Romany, Italian",United Kingdom,Won 1 BAFTA Award3 wins & 6 nominations total,https://m.media-amazon.com/images/M/MV5BMDU5ZWMxZjctZWNjNi00OGYxLWI0MDEtZmJhYTJkMmEyMTIyXkEyXkFqcGdeQXVyMjUzOTY1NTc@._V1_SX300.jpg,"[{'Source': 'Internet Movie Database', 'Value': '7.3/10'}, {'Source': 'Rotten Tomatoes', 'Value': '97%'}, {'Source': 'Metacritic', 'Value': '83/100'}]",83,7.3,"146,683",tt0057076,movie,N/A,"$24,796,765",N/A,N/A,True,7.3/10,97%,83/100
"Love, Simon",2018,PG-13,16 Mar 2018,110 min,"Comedy, Drama",Greg Berlanti,"Becky Albertalli, Elizabeth Berger, Isaac Aptaker","Nick Robinson, Jennifer Garner, Josh Duhamel","Simon Spier keeps a huge secret from his family, his friends and all of his classmates: he's gay. When that secret is threatened, Simon must face everyone and come to terms with his identity.","English, German, French",United States,9 wins & 31 nominations,https://m.media-amazon.com/images/M/MV5BNTMyZDdiMzUtZjcxNS00Mjc3LTljY2UtYjI4YmY5NzJlYjc1XkEyXkFqcGdeQXVyMTA5OTkwNTc@._V1_SX300.jpg,"[{'Source': 'Internet Movie Database', 'Value': '7.5/10'}, {'Source': 'Rotten Tomatoes', 'Value': '92%'}, {'Source': 'Metacritic', 'Value': '72/100'}]",72,7.5,"127,629",tt5164432,movie,N/A,"$40,826,341",N/A,N/A,True,7.5/10,92%,72/100
From Paris with Love,2010,R,05 Feb 2010,92 min,"Action, Crime, Thriller",Pierre Morel,"Adi Hasak, Luc Besson","John Travolta, Jonathan Rhys Meyers, Kasia Smutniak","In Paris, a young employee in the office of the US Ambassador hooks up with an American spy looking to stop a terrorist attack in the city.","English, French, Mandarin, German","France, United Kingdom, United States",N/A,https://m.media-amazon.com/images/M/MV5BODAwMDFjNjktMWY2Mi00MmVhLWI0MjYtNzg4OTI0NzA5YzBjXkEyXkFqcGdeQXVyNTIzOTk5ODM@._V1_SX300.jpg,"[{'Source': 'Internet Movie Database', 'Value': '6.4/10'}, {'Source': 'Rotten Tomatoes', 'Value': '37%'}, {'Source': 'Metacritic', 'Value': '42/100'}]",42,6.4,"121,930",tt1179034,movie,N/A,"$24,077,427",N/A,N/A,True,6.4/10,37%,42/100
Eat Pray Love,2010,PG-13,13 Aug 2010,133 min,"Biography, Drama, Romance",Ryan Murphy,"Ryan Murphy, Jennifer Salt, Elizabeth Gilbert","Julia Roberts, Javier Bardem, Richard Jenkins","A married woman realizes how unhappy her marriage really is, and that her life needs to go in a different direction. After a painful divorce, she takes off on a round-the-world journey to ""find herself"".","English, Italian, Portuguese",United States,2 wins & 2 nominations,https://m.media-amazon.com/images/M/MV5BMTY5NDkyNzkyM15BMl5BanBnXkFtZTcwNDQyNDk0Mw@@._V1_SX300.jpg,"[{'Source': 'Internet Movie Database', 'Value': '5.8/10'}, {'Source': 'Rotten Tomatoes', 'Value': '35%'}, {'Source': 'Metacritic', 'Value': '50/100'}]",50,5.8,"107,235",tt0879870,movie,N/A,"$80,574,010",N/A,N/A,True,5.8/10,35%,50/100
I Love You Phillip Morris,2009,R,07 Jan 2011,98 min,"Biography, Comedy, Crime","Glenn Ficarra, John Requa","John Requa, Glenn Ficarra, Steve McVicker","Jim Carrey, Ewan McGregor, Leslie Mann","A cop turns con man once he comes out of the closet. Once imprisoned, he meets the second love of his life, whom he'll stop at nothing to be with.","English, Spanish","France, United States",6 wins & 11 nominations,https://m.media-amazon.com/images/M/MV5BNTUwZGU1ZTAtOGI4NC00ZDBlLTgxOGItNzdhOWFlNDczZDcxXkEyXkFqcGdeQXVyMjgyNjk3MzE@._V1_SX300.jpg,"[{'Source': 'Internet Movie Database', 'Value': '6.6/10'}, {'Source': 'Rotten Tomatoes', 'Value': '71%'}, {'Source': 'Metacritic', 'Value': '65/100'}]",65,6.6,"100,088",tt1045772,movie,N/A,"$2,037,459",N/A,N/A,True,6.6/10,71%,65/100
Stuck in Love.,2012,R,02 May 2013,97 min,"Comedy, Drama, Romance",Josh Boone,"Josh Boone, Rick Bitzelberger","Greg Kinnear, Jennifer Connelly, Lily Collins","An acclaimed writer, his ex-wife, and their teenaged children come to terms with the complexities of love in all its forms over the course of one tumultuous year.",English,United States,3 wins,https://m.media-amazon.com/images/M/MV5BMTU1NzI5MDU3OV5BMl5BanBnXkFtZTcwNTE0NDMzOQ@@._V1_SX300.jpg,"[{'Source': 'Internet Movie Database', 'Value': '7.2/10'}, {'Source': 'Rotten Tomatoes', 'Value': '58%'}, {'Source': 'Metacritic', 'Value': '49/100'}]",49,7.2,"92,494",tt2205697,movie,N/A,"$81,071",N/A,N/A,True,7.2/10,58%,49/100
To Rome with Love,2012,R,06 Jul 2012,112 min,"Comedy, Music, Romance",Woody Allen,Woody Allen,"Woody Allen, Penélope Cruz, Jesse Eisenberg","The lives of some visitors and residents of Rome and the romances, adventures and predicaments they get into.","English, Italian","United States, Italy, Spain",2 wins & 5 nominations,https://m.media-amazon.com/images/M/MV5BMTcwNTg4MDMxM15BMl5BanBnXkFtZTcwNjAzMzY3Nw@@._V1_SX300.jpg,"[{'Source': 'Internet Movie Database', 'Value': '6.3/10'}, {'Source': 'Rotten Tomatoes', 'Value': '47%'}, {'Source': 'Metacritic', 'Value': '54/100'}]",54,6.3,"91,080",tt1859650,movie,N/A,"$16,685,867",N/A,N/A,True,6.3/10,47%,54/100
"Paris, I Love You",2006,R,15 Jun 2007,120 min,"Comedy, Drama, Romance","Olivier Assayas, Frédéric Auburtin, Gurinder Chadha","Tristan Carné, Bruno Podalydès, Paul Mayeda Berges","Juliette Binoche, Leonor Watling, Ludivine Sagnier","Through the neighborhoods of Paris, love is veiled, revealed, imitated, sucked dry, reinvented, and awakened.","French, English, Spanish, Mandarin, Arabic","France, Liechtenstein, Switzerland, Germany, United States",3 wins & 2 nominations,https://m.media-amazon.com/images/M/MV5BZDgyNTU0YmYtM2UwOS00YjAzLThmYWQtNjQ1M2U0YzIyNTM4XkEyXkFqcGdeQXVyMjA1MDYwMjk@._V1_SX300.jpg,"[{'Source': 'Internet Movie Database', 'Value': '7.2/10'}, {'Source': 'Rotten Tomatoes', 'Value': '86%'}, {'Source': 'Metacritic', 'Value': '66/100'}]",66,7.2,"74,813",tt0401711,movie,N/A,"$4,899,278",N/A,N/A,True,7.2/10,86%,66/100
Love Me If You Dare,2003,R,28 May 2004,93 min,"Comedy, Drama, Romance",Yann Samuell,Yann Samuell,"Guillaume Canet, Marion Cotillard, Thibault Verhaeghe","As adults, best friends Julien and Sophie continue the odd game they started as children -- a fearless competition to outdo one another with daring and outrageous stunts. While they often act out to relieve one another's pain, the...",French,"France, Belgium",5 wins & 2 nominations,https://m.media-amazon.com/images/M/MV5BNjIwOGJhY2QtMTA5Yi00MDhlLWE5OTgtYmIzZDNlM2UwZjMyXkEyXkFqcGdeQXVyNTA4NzY1MzY@._V1_SX300.jpg,"[{'Source': 'Internet Movie Database', 'Value': '7.5/10'}, {'Source': 'Rotten Tomatoes', 'Value': '45%'}, {'Source': 'Metacritic', 'Value': '45/100'}]",45,7.5,"72,574",tt0364517,movie,N/A,"$553,504",N/A,N/A,True,7.5/10,45%,45/100
A Lot Like Love,2005,PG-13,22 Apr 2005,107 min,"Comedy, Drama, Romance",Nigel Cole,Colin Patrick Lynch,"Ashton Kutcher, Amanda Peet, Taryn Manning",Unacquainted Emily and Oliver join the mile-high club together on the way from LAX to NYC--end of story. Except that they keep meeting constantly over the next seven years..,"English, American Sign ",United States,1 win & 3 nominations,https://m.media-amazon.com/images/M/MV5BMTczMzM0NTkxMF5BMl5BanBnXkFtZTgwNjQzMDYyMDI@._V1_SX300.jpg,"[{'Source': 'Internet Movie Database', 'Value': '6.6/10'}, {'Source': 'Rotten Tomatoes', 'Value': '41%'}, {'Source': 'Metacritic', 'Value': '48/100'}]",48,6.6,"71,313",tt0391304,movie,N/A,"$21,845,719",N/A,N/A,True,6.6/10,41%,48/100
Love,2015,TV-MA,30 Oct 2015,135 min,"Drama, Romance",Gaspar Noé,Gaspar Noé,"Aomi Muyock, Karl Glusman, Klara Kristin","Murphy is an American living in Paris who enters a highly sexually and emotionally charged relationship with Electra. Unaware of the effect it will have on their relationship, they invite their pretty neighbor into their bed.","English, French","France, Belgium",2 wins & 1 nomination,https://m.media-amazon.com/images/M/MV5BZGQxZTFlZDctZjcyMy00NzA1LWFkMDYtNzRmZTkwYTFhYTc3XkEyXkFqcGdeQXVyODE5NzE3OTE@._V1_SX300.jpg,"[{'Source': 'Internet Movie Database', 'Value': '6.1/10'}, {'Source': 'Rotten Tomatoes', 'Value': '42%'}, {'Source': 'Metacritic', 'Value': '51/100'}]",51,6.1,"67,646",tt3774694,movie,N/A,"$249,083",N/A,N/A,True,6.1/10,42%,51/100
Love Hard,2021,TV-MA,05 Nov 2021,104 min,"Comedy, Romance",Hernán Jiménez,"Daniel Mackey, Rebecca Ewing","Nina Dobrev, Jimmy O. Yang, Darren Barnet","An LA girl, unlucky in love, falls for an East Coast guy on a dating app and decides to surprise him for the holidays, only to discover that she's been catfished. This lighthearted romantic comedy chronicles her attempt to reel in...",English,United States,1 win & 1 nomination,https://m.media-amazon.com/images/M/MV5BODIwNDIxN2YtMWU3ZS00MjU5LWIxMzctNmY1NDg5NDgwYmM0XkEyXkFqcGdeQXVyMTkxNjUyNQ@@._V1_SX300.jpg,"[{'Source': 'Internet Movie Database', 'Value': '6.3/10'}, {'Source': 'Rotten Tomatoes', 'Value': '52%'}, {'Source': 'Metacritic', 'Value': '42/100'}]",42,6.3,"62,220",tt10752004,movie,N/A,N/A,N/A,N/A,True,6.3/10,52%,42/100
Wristcutters: A Love Story,2006,R,02 Nov 2007,88 min,"Comedy, Drama, Fantasy",Goran Dukic,"Goran Dukic, Etgar Keret","Patrick Fugit, Shea Whigham, Tom Waits",A film set in a strange afterlife way station that has been reserved for people who have committed suicide.,"English, Russian","United States, United Kingdom",9 wins & 6 nominations,https://m.media-amazon.com/images/M/MV5BOGU3NTRhYWYtZWI3YS00NTZjLTliMWUtNTIyMGQ1MzliMjFkXkEyXkFqcGdeQXVyMTQxNzMzNDI@._V1_SX300.jpg,"[{'Source': 'Internet Movie Database', 'Value': '7.2/10'}, {'Source': 'Metacritic', 'Value': '62/100'}]",62,7.2,"57,895",tt0477139,movie,N/A,"$446,165",N/A,N/A,True,7.2/10,,62/100
Show Me Love,1998,Not Rated,23 Oct 1998,89 min,"Comedy, Drama, Romance",Lukas Moodysson,Lukas Moodysson,"Alexandra Dahlström, Rebecka Liljeberg, Erica Carlson","Two teenage girls in small-town Sweden. Elin is beautiful, popular, and bored with life. Agnes is friendless, sad, and secretly in love with Elin.",Swedish,"Sweden, Denmark",19 wins & 8 nominations,https://m.media-amazon.com/images/M/MV5BZjMwODBmMWMtYzg5OS00MWZmLTljM2EtYWI4Zjc3ZmU4ZWFlXkEyXkFqcGdeQXVyNjg3MTIwODI@._V1_SX300.jpg,"[{'Source': 'Internet Movie Database', 'Value': '7.5/10'}, {'Source': 'Rotten Tomatoes', 'Value': '91%'}, {'Source': 'Metacritic', 'Value': '73/100'}]",73,7.5,"55,586",tt0150662,movie,N/A,"$169,331",N/A,N/A,True,7.5/10,91%,73/100
The Love Guru,2008,PG-13,20 Jun 2008,87 min,"Comedy, Romance, Sport",Marco Schnabel,"Mike Myers, Graham Gordy","Mike Myers, Jessica Alba, Romany Malco","Pitka, an American raised outside of his country by gurus, returns to the States in order to break into the self-help business. His first challenge is to settle the romantic troubles and subsequent professional skid of a star hock...",English,"United Kingdom, Germany, United States",5 wins & 8 nominations,https://m.media-amazon.com/images/M/MV5BMTg3OTY1MTQ3MF5BMl5BanBnXkFtZTcwMDIzMTM3MQ@@._V1_SX300.jpg,"[{'Source': 'Internet Movie Database', 'Value': '3.8/10'}, {'Source': 'Rotten Tomatoes', 'Value': '13%'}, {'Source': 'Metacritic', 'Value': '24/100'}]",24,3.8,"55,228",tt0811138,movie,N/A,"$32,235,793",N/A,N/A,True,3.8/10,13%,24/100
"New York, I Love You",2008,R,16 Oct 2009,103 min,"Comedy, Drama, Romance","Fatih Akin, Yvan Attal, Randall Balsmeyer","Hu Hong, Yao Meng, Israel Horovitz","Shia LaBeouf, Natalie Portman, Bradley Cooper","Eleven love stories set in one of the most loved and hated cities of the world, New York City.","English, French, Cantonese, Yiddish","United States, Bahrain",1 nomination,https://m.media-amazon.com/images/M/MV5BMTI3NDYxOTM4OF5BMl5BanBnXkFtZTcwOTEwNTI4Mg@@._V1_SX300.jpg,"[{'Source': 'Internet Movie Database', 'Value': '6.2/10'}, {'Source': 'Rotten Tomatoes', 'Value': '37%'}, {'Source': 'Metacritic', 'Value': '49/100'}]",49,6.2,"48,145",tt0808399,movie,N/A,"$1,588,015",N/A,N/A,True,6.2/10,37%,49/100
Endless Love,2014,PG-13,14 Feb 2014,104 min,"Drama, Mystery, Romance",Shana Feste,"Shana Feste, Joshua Safran, Scott Spencer","Gabriella Wilde, Alex Pettyfer, Bruce Greenwood",The story of a privileged girl and a charismatic boy whose instant desire sparks a love affair made only more reckless by parents trying to keep them apart.,English,United States,1 win,https://m.media-amazon.com/images/M/MV5BOTYzNDU1MzEyN15BMl5BanBnXkFtZTgwOTYwMTU0MDE@._V1_SX300.jpg,"[{'Source': 'Internet Movie Database', 'Value': '6.2/10'}, {'Source': 'Rotten Tomatoes', 'Value': '16%'}, {'Source': 'Metacritic', 'Value': '30/100'}]",30,6.2,"47,855",tt2318092,movie,N/A,"$23,438,250",N/A,N/A,True,6.2/10,16%,30/100
To All the Boys: P.S. I Still Love You,2020,TV-14,12 Feb 2020,101 min,"Comedy, Drama, Romance",Michael Fimognari,"Sofia Alvarez, J. Mills Goodloe, Jenny Han","Lana Condor, Noah Centineo, Jordan Fisher",Lara Jean and Peter have just taken their relationship from pretend to officially official when another recipient of one of her old love letters enters the picture.,English,United States,2 wins & 4 nominations,https://m.media-amazon.com/images/M/MV5BZjMwNDQ4NzMtOThmZi00NmMyLThkMWItMTA3MTg2YjdiZDRmXkEyXkFqcGdeQXVyMTMxODk2OTU@._V1_SX300.jpg,"[{'Source': 'Internet Movie Database', 'Value': '6.1/10'}, {'Source': 'Rotten Tomatoes', 'Value': '77%'}, {'Source': 'Metacritic', 'Value': '54/100'}]",54,6.1,"47,252",tt9354842,movie,N/A,N/A,N/A,N/A,True,6.1/10,77%,54/100
Sea of Love,1989,R,15 Sep 1989,113 min,"Crime, Drama, Mystery",Harold Becker,Richard Price,"Al Pacino, Ellen Barkin, John Goodman",A detective investigating a series of murders becomes involved with a woman who may be the culprit.,English,"United States, Canada",5 nominations,https://m.media-amazon.com/images/M/MV5BYjk5MTY0NTYtZTgzMi00NjVlLTk5ZWUtZWNmODUyYTkyNTQ0XkEyXkFqcGdeQXVyNTc1NTQxODI@._V1_SX300.jpg,"[{'Source': 'Internet Movie Database', 'Value': '6.8/10'}, {'Source': 'Rotten Tomatoes', 'Value': '75%'}, {'Source': 'Metacritic', 'Value': '66/100'}]",66,6.8,"45,318",tt0098273,movie,N/A,"$58,571,513",N/A,N/A,True,6.8/10,75%,66/100
American Pie Presents: The Book of Love,2009,R,22 Dec 2009,93 min,Comedy,John Putch,"David H. Steinberg, Adam Herz (characters)","Eugene Levy, Bug Hall, Kevin M. Horton, Brandon Hardesty","Ten years after the first American Pie movie, three new hapless virgins discover the Bible hidden in the school library at East Great Falls High.","English, French",USA,N/A,https://m.media-amazon.com/images/M/MV5BZTZiOTQ2MGUtMDk3Mi00NmUzLWJmMGYtZmE1MzFiNDU4NjM2XkEyXkFqcGdeQXVyMTY5Nzc4MDY@._V1_SX300.jpg,"[{'Source': 'Internet Movie Database', 'Value': '4.8/10'}]",N/A,4.8,"44,740",tt1407050,movie,01 Oct 2014,N/A,N/A,N/A,True,4.8/10,,
Down with Love,2003,PG-13,16 May 2003,101 min,"Comedy, Romance",Peyton Reed,"Eve Ahlert, Dennis Drake","Ewan McGregor, Renée Zellweger, David Hyde Pierce","In 1962 New York City, love blossoms between a playboy journalist and a feminist advice author.",English,"Germany, United States",4 wins & 8 nominations,https://m.media-amazon.com/images/M/MV5BYjY0OTMyNmMtODEwZS00ZWJiLWI0ZjctNmNiNmJjMTMzYWM1XkEyXkFqcGdeQXVyMTQxNzMzNDI@._V1_SX300.jpg,"[{'Source': 'Internet Movie Database', 'Value': '6.3/10'}, {'Source': 'Rotten Tomatoes', 'Value': '60%'}, {'Source': 'Metacritic', 'Value': '52/100'}]",52,6.3,"44,693",tt0309530,movie,N/A,"$20,305,251",N/A,N/A,True,6.3/10,60%,52/100
The One I Love,2014,R,08 Aug 2014,91 min,"Comedy, Drama, Fantasy",Charlie McDowell,Justin Lader,"Mark Duplass, Elisabeth Moss, Ted Danson","A troubled couple vacate to a beautiful getaway, but bizarre circumstances further complicate their situation.",English,United States,2 wins & 2 nominations,https://m.media-amazon.com/images/M/MV5BMTgzODMyMjcyOV5BMl5BanBnXkFtZTgwMTAyMjMyMjE@._V1_SX300.jpg,"[{'Source': 'Internet Movie Database', 'Value': '7.0/10'}, {'Source': 'Rotten Tomatoes', 'Value': '83%'}, {'Source': 'Metacritic', 'Value': '66/100'}]",66,7.0,"44,088",tt2756032,movie,N/A,"$513,447",N/A,N/A,True,7.0/10,83%,66/100
Capitalism: A Love Story,2009,R,02 Oct 2009,127 min,"Documentary, Crime, History",Michael Moore,Michael Moore,"Michael Moore, William Black, Jimmy Carter",An examination of the social costs of corporate interests pursuing profits at the expense of the public good.,"English, Russian, Spanish",United States,4 wins & 15 nominations,https://m.media-amazon.com/images/M/MV5BMTYyMTA2MTE4NF5BMl5BanBnXkFtZTcwNTgwMDE4Mg@@._V1_SX300.jpg,"[{'Source': 'Internet Movie Database', 'Value': '7.4/10'}, {'Source': 'Rotten Tomatoes', 'Value': '74%'}, {'Source': 'Metacritic', 'Value': '61/100'}]",61,7.4,"43,926",tt1232207,movie,N/A,"$14,363,397",N/A,N/A,True,7.4/10,74%,61/100
Love & Mercy,2014,PG-13,19 Jun 2015,121 min,"Biography, Drama, Music",Bill Pohlad,"Oren Moverman, Michael A. Lerner, Brian Wilson","John Cusack, Paul Dano, Elizabeth Banks","In the 60s, Beach Boys leader Brian Wilson struggles with emerging psychosis as he attempts to craft his avant-garde pop masterpiece. In the 80s, he's a broken, confused man under the 24-hour watch of shady therapist, Dr. Eugene L...",English,United States,20 wins & 58 nominations,https://m.media-amazon.com/images/M/MV5BMTk1MTkwMzU4Nl5BMl5BanBnXkFtZTgwNjY0MDE1NTE@._V1_SX300.jpg,"[{'Source': 'Internet Movie Database', 'Value': '7.4/10'}, {'Source': 'Rotten Tomatoes', 'Value': '89%'}, {'Source': 'Metacritic', 'Value': '80/100'}]",80,7.4,"42,932",tt0903657,movie,N/A,"$12,551,031",N/A,N/A,True,7.4/10,89%,80/100
Can't Buy Me Love,1987,PG-13,14 Aug 1987,94 min,"Comedy, Drama, Romance",Steve Rash,Michael Swerdlick,"Patrick Dempsey, Amanda Peterson, Courtney Gains",An outcast secretly pays the most popular girl in school one thousand dollars to pretend to be his girlfriend for a month.,English,United States,1 win & 3 nominations,https://m.media-amazon.com/images/M/MV5BYzk0MDY1MDEtMGM5ZS00Yjg2LWIxMGQtNDZlZGE5MjY0ZjhjXkEyXkFqcGdeQXVyMTUzMDUzNTI3._V1_SX300.jpg,"[{'Source': 'Internet Movie Database', 'Value': '6.8/10'}, {'Source': 'Rotten Tomatoes', 'Value': '50%'}, {'Source': 'Metacritic', 'Value': '36/100'}]",36,6.8,"42,733",tt0092718,movie,N/A,"$31,623,833",N/A,N/A,True,6.8/10,50%,36/100
Love and Death,1975,PG,10 Sep 1975,85 min,"Comedy, War",Woody Allen,Woody Allen,"Woody Allen, Diane Keaton, Georges Adet","In czarist Russia, a neurotic soldier and his distant cousin formulate a plot to assassinate Napoleon.",English,"France, United States",1 win & 1 nomination,https://m.media-amazon.com/images/M/MV5BYTNmM2JjZTUtMzJmMi00OWQ1LTk4MWYtZmE1YTAwYWNlNTliXkEyXkFqcGdeQXVyMjUzOTY1NTc@._V1_SX300.jpg,"[{'Source': 'Internet Movie Database', 'Value': '7.6/10'}, {'Source': 'Rotten Tomatoes', 'Value': '100%'}, {'Source': 'Metacritic', 'Value': '89/100'}]",89,7.6,"41,351",tt0073312,movie,N/A,"$20,123,742",N/A,N/A,True,7.6/10,100%,89/100
Everyone Says I Love You,1996,R,17 Jan 1997,101 min,"Comedy, Musical, Romance",Woody Allen,Woody Allen,"Woody Allen, Goldie Hawn, Julia Roberts",A New York girl sets her father up with a beautiful woman in a troubled marriage while her stepsister gets engaged.,"English, French, Italian, Hindi",United States,11 wins & 12 nominations,https://m.media-amazon.com/images/M/MV5BYTdmZDM0NWQtNTc1My00MGEyLWEzYzctY2E1NDY1ZjQwNzRhXkEyXkFqcGdeQXVyMjUzOTY1NTc@._V1_SX300.jpg,"[{'Source': 'Internet Movie Database', 'Value': '6.7/10'}, {'Source': 'Rotten Tomatoes', 'Value': '77%'}]",N/A,6.7,"39,550",tt0116242,movie,N/A,"$9,759,200",N/A,N/A,True,6.7/10,77%,
For Love of the Game,1999,PG-13,17 Sep 1999,137 min,"Drama, Romance, Sport",Sam Raimi,"Michael Shaara, Dana Stevens","Kevin Costner, Kelly Preston, John C. Reilly","After 19 years of playing the game he's loved his whole life, Detroit Tigers pitcher Billy Chapel has to decide if he's going to risk everything and put everything out there.",English,United States,7 nominations,https://m.media-amazon.com/images/M/MV5BNjA5ZDZkMTctYmVhOC00ZDQzLWE3MTctNWIyZmRhOGZhMDM4XkEyXkFqcGc@._V1_SX300.jpg,"[{'Source': 'Internet Movie Database', 'Value': '6.6/10'}, {'Source': 'Rotten Tomatoes', 'Value': '46%'}, {'Source': 'Metacritic', 'Value': '43/100'}]",43,6.6,"37,931",tt0126916,movie,N/A,"$35,188,640",N/A,N/A,True,6.6/10,46%,43/100
Love Story,1970,PG,16 Dec 1970,100 min,"Drama, Romance",Arthur Hiller,Erich Segal,"Ali MacGraw, Ryan O'Neal, John Marley",A boy and a girl from different backgrounds fall in love regardless of their upbringing - and then tragedy strikes.,English,United States,Won 1 Oscar. 10 wins & 17 nominations total,https://m.media-amazon.com/images/M/MV5BZmFjYWU1MGQtM2FiMi00YjA3LWIwYjUtZDdhYWEyOWFhZGE0XkEyXkFqcGdeQXVyMjI4MjA5MzA@._V1_SX300.jpg,"[{'Source': 'Internet Movie Database', 'Value': '6.9/10'}, {'Source': 'Rotten Tomatoes', 'Value': '63%'}, {'Source': 'Metacritic', 'Value': '84/100'}]",84,6.9,"37,829",tt0066011,movie,N/A,"$106,550,690",N/A,N/A,True,6.9/10,63%,84/100
Love Lies Bleeding,2024,R,03 May 2024,104 min,"Action, Adventure, Crime",Rose Glass,"Rose Glass, Weronika Tofilska","Anna Baryshnikov, Kristen Stewart, Dave Franco","Gym manager Lou falls for Jackie, a bodybuilder who is passing through town en route to a competition in Las Vegas.",English,"United Kingdom, United States",2 wins & 4 nominations,https://m.media-amazon.com/images/M/MV5BZTA1Y2Q0N2QtNjU2Yi00MTMxLWI4NmUtMWFjNzRkNzU1ODRhXkEyXkFqcGdeQXVyMTY3ODkyNDkz._V1_SX300.jpg,"[{'Source': 'Internet Movie Database', 'Value': '6.7/10'}, {'Source': 'Rotten Tomatoes', 'Value': '94%'}]",N/A,6.7,"37,808",tt19637052,movie,N/A,"$8,335,797",N/A,N/A,True,6.7/10,94%,
"I Love You, Beth Cooper",2009,PG-13,10 Jul 2009,102 min,"Adventure, Comedy, Family",Chris Columbus,Larry Doyle,"Hayden Panettiere, Paul Rust, Jack Carpenter","A nerdy valedictorian proclaims his love for Beth Cooper--the hottest, most popular girl in school--during his graduation speech. That very night, she shows up at his door offering to show him the best night of his life.",English,"United States, Canada, United Kingdom",1 win & 1 nomination,https://m.media-amazon.com/images/M/MV5BMTgyNTc2NDM3NF5BMl5BanBnXkFtZTcwNjU3Mzg0Mg@@._V1_SX300.jpg,"[{'Source': 'Internet Movie Database', 'Value': '5.3/10'}, {'Source': 'Rotten Tomatoes', 'Value': '13%'}, {'Source': 'Metacritic', 'Value': '32/100'}]",32,5.3,"37,654",tt1032815,movie,N/A,"$14,800,725",N/A,N/A,True,5.3/10,13%,32/100
Love at First Sight,2023,PG-13,15 Sep 2023,91 min,"Drama, Romance",Vanessa Caswill,"Katie Lovejoy, Jennifer E. Smith","Haley Lu Richardson, Ben Hardy, Rob Delaney",A 20 year old girl misses her flight at JFK Airport and meets a young British guy who may turn out to be her true love.,English,"United States, United Kingdom",2 wins & 1 nomination,https://m.media-amazon.com/images/M/MV5BOTY0M2EyNGUtYmZiYi00MTVlLThkMWMtMjNkZjg5Nzg2NjRmXkEyXkFqcGc@._V1_SX300.jpg,"[{'Source': 'Internet Movie Database', 'Value': '6.8/10'}, {'Source': 'Rotten Tomatoes', 'Value': '74%'}]",N/A,6.8,"35,193",tt2183014,movie,N/A,N/A,N/A,N/A,True,6.8/10,74%,
All the Boys Love Mandy Lane,2006,R,06 Sep 2013,90 min,"Horror, Mystery, Thriller",Jonathan Levine,Jacob Forman,"Amber Heard, Anson Mount, Whitney Able","A group of high-schoolers invite Mandy Lane, an innocent, desirable girl, to a weekend party on a secluded ranch. While the festivities rage on, the number of revelers begins to drop mysteriously.",English,United States,1 nomination,https://m.media-amazon.com/images/M/MV5BMzM0MjU1MzUzMF5BMl5BanBnXkFtZTcwMjcwNDQyOQ@@._V1_SX300.jpg,"[{'Source': 'Internet Movie Database', 'Value': '5.5/10'}, {'Source': 'Rotten Tomatoes', 'Value': '46%'}, {'Source': 'Metacritic', 'Value': '44/100'}]",44,5.5,"34,990",tt0490076,movie,N/A,N/A,N/A,N/A,True,5.5/10,46%,44/100
Love Happens,2009,PG-13,18 Sep 2009,109 min,"Drama, Romance",Brandon Camp,"Brandon Camp, Mike Thompson","Jennifer Aniston, Aaron Eckhart, Dan Fogler","A widower whose book about coping with loss turns him into a best-selling self-help guru, falls for the hotel florist where his seminar is given, only to learn that he hasn't yet truly confronted his wife's passing.",English,"United States, Canada, United Kingdom",1 win,https://m.media-amazon.com/images/M/MV5BMTU1ODc4NjkyOF5BMl5BanBnXkFtZTcwMTA1MjU2Mg@@._V1_SX300.jpg,"[{'Source': 'Internet Movie Database', 'Value': '5.7/10'}, {'Source': 'Rotten Tomatoes', 'Value': '16%'}, {'Source': 'Metacritic', 'Value': '33/100'}]",33,5.7,"34,129",tt0899106,movie,N/A,"$22,965,110",N/A,N/A,True,5.7/10,16%,33/100
Must Love Dogs,2005,PG-13,29 Jul 2005,98 min,"Comedy, Romance",Gary David Goldberg,"Claire Cook, Gary David Goldberg","Diane Lane, John Cusack, Elizabeth Perkins","Sarah Nolan, a preschool teacher, is forced into finding a man after her sister Carol makes her a profile on a matchmaking website. Her life is changed when she meets Jake, a recent divorcee.","English, Armenian",United States,1 nomination,https://m.media-amazon.com/images/M/MV5BNGU5MmVlYTQtZTllZS00ZTgwLTk2NWEtNjI1OTRkOTQ1MTE0XkEyXkFqcGdeQXVyMTUyNjc3NDQ4._V1_SX300.jpg,"[{'Source': 'Internet Movie Database', 'Value': '5.9/10'}, {'Source': 'Rotten Tomatoes', 'Value': '37%'}, {'Source': 'Metacritic', 'Value': '46/100'}]",46,5.9,"33,168",tt0417001,movie,N/A,"$43,894,863",N/A,N/A,True,5.9/10,37%,46/100
Bob Marley: One Love,2024,PG-13,14 Feb 2024,107 min,"Biography, Drama, Music",Reinaldo Marcus Green,"Terence Winter, Frank E. Flowers, Zach Baylin","Kingsley Ben-Adir, Lashana Lynch, James Norton","The story of how reggae icon Bob Marley overcame adversity, and the journey behind his revolutionary music.",English,United States,1 win & 1 nomination,https://m.media-amazon.com/images/M/MV5BY2U4M2NmY2ItMjAyNC00NzM1LTg3ZTEtNzVlYjEzNTE5NDI5XkEyXkFqcGdeQXVyMDM2NDM2MQ@@._V1_SX300.jpg,"[{'Source': 'Internet Movie Database', 'Value': '6.3/10'}, {'Source': 'Rotten Tomatoes', 'Value': '45%'}]",N/A,6.3,"28,289",tt8521778,movie,N/A,"$96,893,170",N/A,N/A,True,6.3/10,45%,
A Love Song for Bobby Long,2004,R,21 Jan 2005,119 min,Drama,Shainee Gabel,"Ronald Everett Capps, Shainee Gabel","Scarlett Johansson, John Travolta, Gabriel Macht",A headstrong young woman returns to New Orleans after the death of her estranged mother.,English,United States,4 nominations,https://m.media-amazon.com/images/M/MV5BOGEyZDhlYTUtYTdmMS00NDVhLThiZWItMDIyYjRlZDYzODgxXkEyXkFqcGdeQXVyMTQxNzMzNDI@._V1_SX300.jpg,"[{'Source': 'Internet Movie Database', 'Value': '7.1/10'}, {'Source': 'Rotten Tomatoes', 'Value': '44%'}, {'Source': 'Metacritic', 'Value': '48/100'}]",48,7.1,"27,293",tt0369672,movie,N/A,"$164,308",N/A,N/A,True,7.1/10,44%,48/100
Love the Coopers,2015,PG-13,13 Nov 2015,107 min,"Comedy, Fantasy, Romance",Jessie Nelson,Steven Rogers,"Steve Martin, Diane Keaton, John Goodman",The intertwined stories of four generations of Coopers unfold right before the annual family reunion on Christmas Eve. Can they survive the most beautiful time of the year?,English,United States,2 nominations,https://m.media-amazon.com/images/M/MV5BMjE4NTkyODk4NF5BMl5BanBnXkFtZTgwNjY0NzkxNzE@._V1_SX300.jpg,"[{'Source': 'Internet Movie Database', 'Value': '5.8/10'}, {'Source': 'Rotten Tomatoes', 'Value': '18%'}, {'Source': 'Metacritic', 'Value': '31/100'}]",31,5.8,"26,925",tt2279339,movie,N/A,"$26,302,731",N/A,N/A,True,5.8/10,18%,31/100
Love & Friendship,2016,PG,03 Jun 2016,90 min,"Comedy, Drama, Romance",Whit Stillman,"Whit Stillman, Jane Austen","Kate Beckinsale, Chloë Sevigny, Xavier Samuel","Lady Susan Vernon takes up temporary residence at her in-laws' estate and, while there, is determined to be a matchmaker for her daughter Frederica--and herself too, naturally.","English, French","United Kingdom, Ireland, France, Netherlands",7 wins & 54 nominations,https://m.media-amazon.com/images/M/MV5BZjNjMzk5ZjUtNmIwZS00OGFmLWE5NGItZWY3Y2UyMTFkNDAxXkEyXkFqcGdeQXVyMTU3NDU4MDg2._V1_SX300.jpg,"[{'Source': 'Internet Movie Database', 'Value': '6.4/10'}, {'Source': 'Rotten Tomatoes', 'Value': '96%'}, {'Source': 'Metacritic', 'Value': '87/100'}]",87,6.4,"26,617",tt3068194,movie,N/A,"$14,016,568",N/A,N/A,True,6.4/10,96%,87/100
Love at First Sight,2023,PG-13,15 Sep 2023,91 min,"Drama, Romance",Vanessa Caswill,"Katie Lovejoy, Jennifer E. Smith","Haley Lu Richardson, Ben Hardy, Rob Delaney","Hadley and Oliver begin to fall for each other on their flight from New York to London. The probability of ever finding each other again seems impossible, but love - and London - may have a way of defying the odds.",English,"United Kingdom, United States",1 win,https://m.media-amazon.com/images/M/MV5BYmE0MWJhNDgtMTIwNy00YTE0LWIwMTQtY2QzZDRkZjI3OTNhXkEyXkFqcGdeQXVyMTQ4MDUxMTk1._V1_SX300.jpg,"[{'Source': 'Internet Movie Database', 'Value': '6.8/10'}, {'Source': 'Rotten Tomatoes', 'Value': '74%'}]",N/A,6.8,"26,388",tt13444014,movie,N/A,N/A,N/A,N/A,True,6.8/10,74%,
A Short Film About Love,1988,Not Rated,04 Aug 1995,87 min,"Drama, Romance",Krzysztof Kieslowski,"Krzysztof Kieslowski, Krzysztof Piesiewicz","Grazyna Szapolowska, Olaf Lubaszenko, Stefania Iwinska","A naive inexperienced young man spies on a woman who lives across the courtyard, and falls in love with her. He starts using tricks which he hopes will lead to them meeting.","Polish, Portuguese",Poland,14 wins & 1 nomination,https://m.media-amazon.com/images/M/MV5BMGUyMzFmMmUtNmYxMS00YTFkLThiZDktNmE5YmFmYzczYzhlXkEyXkFqcGdeQXVyODY5Njk4Njc@._V1_SX300.jpg,"[{'Source': 'Internet Movie Database', 'Value': '8.1/10'}, {'Source': 'Rotten Tomatoes', 'Value': '95%'}]",N/A,8.1,"26,230",tt0095467,movie,N/A,N/A,N/A,N/A,True,8.1/10,95%,
Addicted to Love,1997,R,23 May 1997,100 min,"Comedy, Romance",Griffin Dunne,Robert Gordon,"Meg Ryan, Matthew Broderick, Kelly Preston","Maggie's and Sam's former partners are in love; she wants revenge and he wants his lost love back, so they work together to break up the happy couple.","English, French",United States,1 nomination,https://m.media-amazon.com/images/M/MV5BZDU5ZjA5ZjMtZGZlOS00M2U4LTkyOTktYzYyNGZjN2UxYjdkXkEyXkFqcGdeQXVyNjU0NTI0Nw@@._V1_SX300.jpg,"[{'Source': 'Internet Movie Database', 'Value': '6.1/10'}, {'Source': 'Rotten Tomatoes', 'Value': '55%'}, {'Source': 'Metacritic', 'Value': '49/100'}]",49,6.1,"25,893",tt0118556,movie,N/A,"$34,673,095",N/A,N/A,True,6.1/10,55%,49/100
Seeking True Love,2017,Not Rated,18 Aug 2017,116 min,"Comedy, Romance",Ashwiny Iyer Tiwari,"Nicolas Barreau, Shreyas Jain, Nitesh Tiwari","Ayushmann Khurrana, Kriti Sanon, Rajkummar Rao","Set in the small-town of Bareilly, Bitti is a free-spirited young girl who lives life on her own terms and refuses to be pressured into getting married. Her life takes a shift when she meets Chirag Dubey and Pritam Vidrohi.",Hindi,India,12 wins & 31 nominations,https://m.media-amazon.com/images/M/MV5BYThmNTMwZDYtZWFiYi00MGI4LTk0NzUtMzc2Njc2MmRhOGE2XkEyXkFqcGdeQXVyODE5NzE3OTE@._V1_SX300.jpg,"[{'Source': 'Internet Movie Database', 'Value': '7.5/10'}, {'Source': 'Rotten Tomatoes', 'Value': '73%'}]",N/A,7.5,"25,561",tt6967980,movie,N/A,N/A,N/A,N/A,True,7.5/10,73%,
What's Love Got to Do with It,1993,R,25 Jun 1993,118 min,"Biography, Drama, Music",Brian Gibson,"Tina Turner, Kurt Loder, Kate Lanier","Angela Bassett, Laurence Fishburne, RaéVen Kelly","The story of singer Tina Turner's rise to stardom and how she gained the courage to break free from her abusive husband, Ike Turner.",English,United States,Nominated for 2 Oscars. 3 wins & 16 nominations total,https://m.media-amazon.com/images/M/MV5BYmQ1Yjk3N2UtODMwMy00MDVhLTkzNDctM2ZkODZmYzdhNjk3XkEyXkFqcGdeQXVyNjE5MjUyOTM@._V1_SX300.jpg,"[{'Source': 'Internet Movie Database', 'Value': '7.3/10'}, {'Source': 'Rotten Tomatoes', 'Value': '97%'}, {'Source': 'Metacritic', 'Value': '76/100'}]",76,7.3,"24,792",tt0108551,movie,N/A,"$39,100,956",N/A,N/A,True,7.3/10,97%,76/100
Love & Basketball,2000,PG-13,21 Apr 2000,124 min,"Drama, Romance, Sport",Gina Prince-Bythewood,Gina Prince-Bythewood,"Sanaa Lathan, Omar Epps, Glenndon Chatman",Monica and Quincy love and play basketball together through many life challenges from childhood to adulthood.,"English, Spanish",United States,14 wins & 15 nominations,https://m.media-amazon.com/images/M/MV5BNzEzYTkzMGEtOTQyOS00ODE2LWIwOGItNzIxZWI3MzRmNDA5XkEyXkFqcGdeQXVyMDM2NDM2MQ@@._V1_SX300.jpg,"[{'Source': 'Internet Movie Database', 'Value': '7.2/10'}, {'Source': 'Rotten Tomatoes', 'Value': '85%'}, {'Source': 'Metacritic', 'Value': '72/100'}]",72,7.2,"24,509",tt0199725,movie,N/A,"$27,475,093",N/A,N/A,True,7.2/10,85%,72/100
I Am Love,2009,R,23 Jul 2010,120 min,"Drama, Romance",Luca Guadagnino,"Barbara Alberti, Ivan Cotroneo, Walter Fasano","Tilda Swinton, Flavio Parenti, Edoardo Gabbriellini","Emma left Russia to live with her husband in Italy. Now a member of a powerful industrial family, she is the respected mother of three, but feels unfulfilled. One day, Antonio, a talented chef and her son's friend, makes her sense...","Italian, Russian, English",Italy,Nominated for 1 Oscar. 16 wins & 47 nominations total,https://m.media-amazon.com/images/M/MV5BMjAwNjY5OTUxM15BMl5BanBnXkFtZTcwNjE3MTQxMw@@._V1_SX300.jpg,"[{'Source': 'Internet Movie Database', 'Value': '7.0/10'}, {'Source': 'Rotten Tomatoes', 'Value': '81%'}, {'Source': 'Metacritic', 'Value': '79/100'}]",79,7.0,"24,193",tt1226236,movie,N/A,"$5,005,465",N/A,N/A,True,7.0/10,81%,79/100
Love in the Time of Cholera,2007,R,16 Nov 2007,139 min,"Drama, Romance",Mike Newell,"Ronald Harwood, Gabriel García Márquez","Javier Bardem, Giovanna Mezzogiorno, Benjamin Bratt","Florentino, rejected by the beautiful Fermina at a young age, devotes much of his adult life to carnal affairs as a desperate attempt to heal his broken heart.",English,"United States, Mexico, United Kingdom, Colombia",8 nominations,https://m.media-amazon.com/images/M/MV5BMTQ3OTE0OTM4N15BMl5BanBnXkFtZTcwNDg3OTI1MQ@@._V1_SX300.jpg,"[{'Source': 'Internet Movie Database', 'Value': '6.4/10'}, {'Source': 'Rotten Tomatoes', 'Value': '27%'}, {'Source': 'Metacritic', 'Value': '43/100'}]",43,6.4,"24,191",tt0484740,movie,N/A,"$4,607,608",N/A,N/A,True,6.4/10,27%,43/100
Toilet: A Love Story,2017,Not Rated,11 Aug 2017,155 min,"Comedy, Drama, Romance",Shree Narayan Singh,"Medha Jadhav, Siddharth-Garima, Siddharth Singh","Akshay Kumar, Anupam Kher, Divyendu Sharma","A woman threatens to leave her husband unless he installs a toilet in their home. To win back her love and respect, he heads out on a journey to fight against the backward society.",Hindi,India,8 wins & 19 nominations,https://m.media-amazon.com/images/M/MV5BMTAxODQ2NDEwOTZeQTJeQWpwZ15BbWU4MDk5MDM3NjIy._V1_SX300.jpg,"[{'Source': 'Internet Movie Database', 'Value': '7.2/10'}]",N/A,7.2,"23,284",tt5785170,movie,N/A,"$1,830,715",N/A,N/A,True,7.2/10,,
Falling Inn Love,2019,TV-PG,29 Aug 2019,98 min,"Comedy, Romance",Roger Kumble,"Elizabeth Hackett, Hilary Galanoy","Christina Milian, Adam Demos, Jeffrey Bowyer-Chapman","When city girl Gabriela spontaneously enters a contest and wins a rustic New Zealand inn, she teams up with bighearted contractor Jake Taylor to fix and flip it.",English,United States,N/A,https://m.media-amazon.com/images/M/MV5BNWE1NmMzNjUtMDc3NS00ZjBlLTllMTktZTVkMWQzZGVlYzdhXkEyXkFqcGdeQXVyMTkxNjUyNQ@@._V1_SX300.jpg,"[{'Source': 'Internet Movie Database', 'Value': '5.7/10'}, {'Source': 'Rotten Tomatoes', 'Value': '68%'}]",N/A,5.7,"22,388",tt9860728,movie,N/A,N/A,N/A,N/A,True,5.7/10,68%,
Love Wedding Repeat,2020,TV-MA,10 Apr 2020,100 min,"Comedy, Romance",Dean Craig,"Dean Craig, Francis Nief, Christelle Raynal","Sam Claflin, Olivia Munn, Freida Pinto","While trying to make his sister's wedding day go smoothly, Jack finds himself juggling an angry ex-girlfriend, an uninvited guest with a secret, a misplaced sleep sedative, and the girl who got away in alternate versions of the sa...",English,"United Kingdom, Italy",N/A,https://m.media-amazon.com/images/M/MV5BZGEwZDNmNTktOGNmMi00ZmRlLTljYzItNWJkZDc2OTcxZmZjXkEyXkFqcGdeQXVyMTMxODk2OTU@._V1_SX300.jpg,"[{'Source': 'Internet Movie Database', 'Value': '5.6/10'}, {'Source': 'Rotten Tomatoes', 'Value': '34%'}, {'Source': 'Metacritic', 'Value': '41/100'}]",41,5.6,"22,312",tt5096470,movie,N/A,N/A,N/A,N/A,True,5.6/10,34%,41/100
My Summer of Love,2004,R,01 Jul 2005,86 min,"Drama, Romance",Pawel Pawlikowski,"Helen Cross, Pawel Pawlikowski, Michael Wynne","Natalie Press, Emily Blunt, Paddy Considine","In the Yorkshire countryside, working-class tomboy Mona meets the exotic, pampered Tamsin. Over the summer season, the two young women discover they have much to teach one another, and much to explore together.",English,United Kingdom,Won 1 BAFTA Award9 wins & 20 nominations total,https://m.media-amazon.com/images/M/MV5BMTg2NTM0NDY1NV5BMl5BanBnXkFtZTcwMjU5OTkyMQ@@._V1_SX300.jpg,"[{'Source': 'Internet Movie Database', 'Value': '6.7/10'}, {'Source': 'Rotten Tomatoes', 'Value': '90%'}, {'Source': 'Metacritic', 'Value': '82/100'}]",82,6.7,"21,966",tt0382189,movie,N/A,"$1,000,915",N/A,N/A,True,6.7/10,90%,82/100
If Anything Happens I Love You,2020,PG,20 Nov 2020,13 min,"Animation, Short, Drama","Michael Govier, Will McCormack","Will McCormack, Michael Govier",Muneer Lyati,"In the aftermath of tragedy, two grieving parents journey through an emotional void as they mourn the loss of a child.",None,United States,Won 1 Oscar. 22 wins & 8 nominations total,https://m.media-amazon.com/images/M/MV5BZGI5OTU4MWQtMDE4ZS00ZWViLTk2OTItMmU5ZmRlNzg1N2Y5XkEyXkFqcGdeQXVyMzc3MTE2Mzg@._V1_SX300.jpg,"[{'Source': 'Internet Movie Database', 'Value': '7.8/10'}, {'Source': 'Rotten Tomatoes', 'Value': '100%'}]",N/A,7.8,"21,353",tt11768948,movie,N/A,N/A,N/A,N/A,True,7.8/10,100%,
"To Sir, with Love",1967,Approved,14 Jun 1967,105 min,Drama,James Clavell,"E.R. Braithwaite, James Clavell","Sidney Poitier, Judy Geeson, Christian Roberts",Idealistic engineer-trainee and his experiences in teaching a group of rambunctious white high school students from the slums of London's East End.,English,United Kingdom,1 win & 3 nominations,https://m.media-amazon.com/images/M/MV5BMTE1NmU5NjctNGQ3Yy00MWYzLWEzOTUtZmE2N2NmOTEwODE4XkEyXkFqcGdeQXVyMzU4Nzk4MDI@._V1_SX300.jpg,"[{'Source': 'Internet Movie Database', 'Value': '7.6/10'}, {'Source': 'Rotten Tomatoes', 'Value': '90%'}, {'Source': 'Metacritic', 'Value': '55/100'}]",55,7.6,"20,672",tt0062376,movie,N/A,N/A,N/A,N/A,True,7.6/10,90%,55/100
The Love Witch,2016,Unrated,10 Mar 2017,120 min,"Comedy, Horror, Romance",Anna Biller,Anna Biller,"Samantha Robinson, Jeffrey Vincent Parise, Laura Waddell","A modern-day witch uses spells and magic to get men to fall in love with her, with deadly consequences.",English,United States,3 wins & 5 nominations,https://m.media-amazon.com/images/M/MV5BMjA5NDEyMjQwNV5BMl5BanBnXkFtZTgwNDQ1MjMwMDI@._V1_SX300.jpg,"[{'Source': 'Internet Movie Database', 'Value': '6.2/10'}, {'Source': 'Rotten Tomatoes', 'Value': '95%'}, {'Source': 'Metacritic', 'Value': '82/100'}]",82,6.2,"20,460",tt3908142,movie,N/A,"$228,894",N/A,N/A,True,6.2/10,95%,82/100
Love Likes Coincidences,2011,N/A,04 Feb 2011,118 min,"Drama, Romance",Ömer Faruk Sorak,Nuran Evren Sit,"Mehmet Günsür, Belçim Bilgin, Altan Erkekli","Year 1977, a September morning in Ankara... Yilmaz tries to rush his pregnant wife Neriman to the hospital and he crushes into Omer's car. This accident causes Omer's pregnant wife Inci, who was in the back seat, to have a pre-ter...","Turkish, French",Turkey,2 wins & 1 nomination,https://m.media-amazon.com/images/M/MV5BMjAwMjMyMzQzMV5BMl5BanBnXkFtZTcwNDE4MTc1NQ@@._V1_SX300.jpg,"[{'Source': 'Internet Movie Database', 'Value': '7.2/10'}]",N/A,7.2,"19,510",tt1807950,movie,18 Feb 2017,N/A,N/A,N/A,True,7.2/10,,
"Love, Guaranteed",2020,TV-PG,03 Sep 2020,90 min,"Comedy, Romance",Mark Steven Johnson,"Elizabeth Hackett, Hilary Galanoy","Rachael Leigh Cook, Damon Wayans Jr., Heather Graham","To save her small law firm, earnest lawyer Susan takes a high-paying case from Nick, a charming new client who wants to sue a dating website that guarantees love. But as the case heats up, so do Susan and Nick's feelings for each ...",English,United States,1 win & 3 nominations,https://m.media-amazon.com/images/M/MV5BNDE1MmE4MTktNzU0OS00YjdmLWEyNzYtY2JhNWE4ZWVlYmY5XkEyXkFqcGdeQXVyNjY1MTg4Mzc@._V1_SX300.jpg,"[{'Source': 'Internet Movie Database', 'Value': '5.6/10'}, {'Source': 'Rotten Tomatoes', 'Value': '58%'}, {'Source': 'Metacritic', 'Value': '39/100'}]",39,5.6,"19,271",tt11100856,movie,N/A,N/A,N/A,N/A,True,5.6/10,58%,39/100
The Edge of Love,2008,R,20 Jun 2008,110 min,"Biography, Drama, Romance",John Maybury,"Sharman Macdonald, Rebekah Gilbertson","Keira Knightley, Sienna Miller, Matthew Rhys","Two feisty, free-spirited women are connected by the brilliant, charismatic poet who loves them both.","English, Welsh",United Kingdom,1 win & 2 nominations,https://m.media-amazon.com/images/M/MV5BOTI3NDNlMmEtMWQyOS00MmEzLTgxOTAtNGU2NzVjMzZiNzQ3XkEyXkFqcGdeQXVyMTQxNzMzNDI@._V1_SX300.jpg,"[{'Source': 'Internet Movie Database', 'Value': '6.1/10'}, {'Source': 'Rotten Tomatoes', 'Value': '37%'}, {'Source': 'Metacritic', 'Value': '39/100'}]",39,6.1,"19,015",tt0819714,movie,N/A,N/A,N/A,N/A,True,6.1/10,37%,39/100
The Consequences of Love,2004,N/A,24 Sep 2004,100 min,"Crime, Drama, Romance",Paolo Sorrentino,Paolo Sorrentino,"Toni Servillo, Olivia Magnani, Adriano Giannini",An introverted man's life changes completely when he finds himself attracted to a young barmaid.,Italian,Italy,20 wins & 21 nominations,https://m.media-amazon.com/images/M/MV5BOWZkZDRmODUtYjhiNy00N2FkLWIyNzMtNTYzMWEzMDNjOGE4XkEyXkFqcGdeQXVyMzIwNDY4NDI@._V1_SX300.jpg,"[{'Source': 'Internet Movie Database', 'Value': '7.5/10'}, {'Source': 'Rotten Tomatoes', 'Value': '83%'}]",N/A,7.5,"18,832",tt0398883,movie,N/A,N/A,N/A,N/A,True,7.5/10,83%,
The Love Bug,1969,G,13 Mar 1969,108 min,"Comedy, Family, Sport",Robert Stevenson,"Bill Walsh, Don DaGradi, Gordon Buford","Dean Jones, Michele Lee, David Tomlinson","Down-on-his-luck race car driver Jim Douglas teams up with a little VW Bug that has a mind of it's own, not realizing Herbie's worth until a sneaky rival plots to steal him.","English, Cantonese, Spanish",United States,1 win & 2 nominations,https://m.media-amazon.com/images/M/MV5BNDc3NTAwYmEtODg2YS00Y2IyLWFlOGYtMjUyMDQ5NzU2MDYzXkEyXkFqcGdeQXVyMTQxNzMzNDI@._V1_SX300.jpg,"[{'Source': 'Internet Movie Database', 'Value': '6.5/10'}, {'Source': 'Rotten Tomatoes', 'Value': '78%'}, {'Source': 'Metacritic', 'Value': '48/100'}]",48,6.5,"17,754",tt0064603,movie,N/A,"$51,264,000",N/A,N/A,True,6.5/10,78%,48/100
I Think I Love My Wife,2007,R,16 Mar 2007,90 min,"Comedy, Drama, Romance",Chris Rock,"Chris Rock, Louis C.K., Éric Rohmer","Chris Rock, Kerry Washington, Gina Torres",A married man who daydreams about being with other women finds his will and morals tested after he's visited by the ex-mistress of his old friend.,English,"India, United States",1 nomination,https://m.media-amazon.com/images/M/MV5BMzA0NTcxODEyN15BMl5BanBnXkFtZTcwOTA4MjI0MQ@@._V1_SX300.jpg,"[{'Source': 'Internet Movie Database', 'Value': '5.5/10'}, {'Source': 'Metacritic', 'Value': '49/100'}]",49,5.5,"17,634",tt0770772,movie,12 Jun 2007,"$12,550,605",N/A,N/A,True,5.5/10,,49/100
Feast of Love,2007,R,28 Sep 2007,97 min,"Drama, Romance",Robert Benton,"Allison Burnett, Charles Baxter","Morgan Freeman, Radha Mitchell, Alexa Davalos","A meditation on love and its various incarnations, set within a community of friends in Oregon. and is described as an exploration of the magical, mysterious and sometimes painful incarnations of love.",English,United States,N/A,https://m.media-amazon.com/images/M/MV5BOTE1NjU3ODkzNV5BMl5BanBnXkFtZTcwMjY2MjE1MQ@@._V1_SX300.jpg,"[{'Source': 'Internet Movie Database', 'Value': '6.5/10'}, {'Source': 'Rotten Tomatoes', 'Value': '40%'}, {'Source': 'Metacritic', 'Value': '51/100'}]",51,6.5,"17,227",tt0800027,movie,N/A,"$3,511,074",N/A,N/A,True,6.5/10,40%,51/100
Love in the Afternoon,1957,Approved,30 Jun 1957,130 min,"Comedy, Crime, Drama",Billy Wilder,"Billy Wilder, I.A.L. Diamond, Claude Anet","Gary Cooper, Audrey Hepburn, Maurice Chevalier",A middle-aged playboy becomes fascinated by the daughter of a private detective who has been hired to entrap him with the wife of a client.,"English, French",United States,3 wins & 4 nominations,https://m.media-amazon.com/images/M/MV5BZDgxMTM4OWQtNjJmMS00YTgwLWI0NjItMWRmMDIwMzQzYTMyXkEyXkFqcGdeQXVyMDI2NDg0NQ@@._V1_SX300.jpg,"[{'Source': 'Internet Movie Database', 'Value': '7.1/10'}, {'Source': 'Rotten Tomatoes', 'Value': '82%'}, {'Source': 'Metacritic', 'Value': '73/100'}]",73,7.1,"17,215",tt0050658,movie,N/A,N/A,N/A,N/A,True,7.1/10,82%,73/100
Love Aaj Kal,2009,Not Rated,31 Jul 2009,128 min,"Comedy, Drama, Romance",Imtiaz Ali,Imtiaz Ali,"Saif Ali Khan, Deepika Padukone, Rishi Kapoor",An old-fashioned romantic tells his personal love story to a modern man who has just broken up with his girlfriend. Has love really ever changed?,Hindi,India,18 wins & 44 nominations,https://m.media-amazon.com/images/M/MV5BODVhZWEyOGYtN2E4MC00MTMyLWJmM2ItNTFlNWVlZmYyMTg4XkEyXkFqcGdeQXVyNjQ2MjQ5NzM@._V1_SX300.jpg,"[{'Source': 'Internet Movie Database', 'Value': '6.8/10'}]",N/A,6.8,"17,116",tt1275863,movie,17 Jun 2016,"$2,430,083",N/A,N/A,True,6.8/10,,
Love Exposure,2008,Unrated,31 Jan 2009,237 min,"Action, Comedy, Drama",Sion Sono,Sion Sono,"Takahiro Nishijima, Hikari Mitsushima, Sakura Andô","A bizarre love triangle forms between a young Catholic upskirt photographer, a misandric girl and a manipulative cultist.",Japanese,Japan,17 wins & 3 nominations,https://m.media-amazon.com/images/M/MV5BZmI5Y2UyZWMtY2FjYy00MzZiLTgwYjUtMzZiM2RiMDRjNTZkXkEyXkFqcGdeQXVyMjYzMDI3OTY@._V1_SX300.jpg,"[{'Source': 'Internet Movie Database', 'Value': '8.0/10'}, {'Source': 'Rotten Tomatoes', 'Value': '91%'}, {'Source': 'Metacritic', 'Value': '78/100'}]",78,8.0,"16,169",tt1128075,movie,N/A,N/A,N/A,N/A,True,8.0/10,91%,78/100
The Love Punch,2013,PG-13,23 May 2014,94 min,"Comedy, Romance",Joel Hopkins,"Joel Hopkins, Tess Morris","Pierce Brosnan, Emma Thompson, Timothy Spall",A divorced couple scheme to recover the retirement money that was stolen from them.,"English, French","France, United Kingdom, United States",1 nomination,https://m.media-amazon.com/images/M/MV5BMTcyNjAyOTMxMV5BMl5BanBnXkFtZTgwMTM5NDc3MTE@._V1_SX300.jpg,"[{'Source': 'Internet Movie Database', 'Value': '5.7/10'}, {'Source': 'Rotten Tomatoes', 'Value': '29%'}, {'Source': 'Metacritic', 'Value': '44/100'}]",44,5.7,"15,939",tt2234261,movie,N/A,"$266,588",N/A,N/A,True,5.7/10,29%,44/100
Falling in Love,1984,PG-13,21 Nov 1984,106 min,"Drama, Romance",Ulu Grosbard,Michael Cristofer,"Robert De Niro, Meryl Streep, Harvey Keitel","Although they live married lives, two strangers keep running into each other, starting a friendship that could blossom into so much more.",English,United States,2 wins & 3 nominations,https://m.media-amazon.com/images/M/MV5BYTZkNzRlZWMtMjg3My00YWFlLWFlNTMtMmU3ZTVhY2EwYTU4XkEyXkFqcGdeQXVyMjUzOTY1NTc@._V1_SX300.jpg,"[{'Source': 'Internet Movie Database', 'Value': '6.5/10'}, {'Source': 'Rotten Tomatoes', 'Value': '54%'}, {'Source': 'Metacritic', 'Value': '55/100'}]",55,6.5,"15,718",tt0087233,movie,N/A,"$11,129,057",N/A,N/A,True,6.5/10,54%,55/100
I Love You to Death,1990,R,06 Apr 1990,97 min,"Comedy, Crime",Lawrence Kasdan,John Kostmayer,"Kevin Kline, Tracey Ullman, William Hurt","Joey Boca (Kevin Kline) owns a pizza parlor, and is married to Rosalie (Tracey Ullman). He's also a serial womanizer. Rosalie goes to extremes when she finds he has been cheating.","English, Italian, Serbo-Croatian",United States,N/A,https://m.media-amazon.com/images/M/MV5BY2I3YTIxMWUtYjQxYy00Zjg5LThjOGMtNzk1Y2FiYTQ4NTEwXkEyXkFqcGdeQXVyMTY5Nzc4MDY@._V1_SX300.jpg,"[{'Source': 'Internet Movie Database', 'Value': '6.4/10'}, {'Source': 'Rotten Tomatoes', 'Value': '58%'}, {'Source': 'Metacritic', 'Value': '45/100'}]",45,6.4,"15,637",tt0099819,movie,N/A,"$16,186,793",N/A,N/A,True,6.4/10,58%,45/100
For Love or Money,1993,PG,01 Oct 1993,96 min,"Comedy, Drama, Romance",Barry Sonnenfeld,"Mark Rosenthal, Lawrence Konner","Michael J. Fox, Gabrielle Anwar, Anthony Higgins","Doug, a concierge at a luxury Manhattan hotel, saves all his tips toward his plan for a hotel. A potential investor seduces the girl Doug loves with false promises of leaving his wife. Doug's dilemma: hotel project or girl?",English,United States,N/A,https://m.media-amazon.com/images/M/MV5BZTZhOTQ1MjItNjFlZi00NTA0LTlhMDMtMzMyNmQyYWFhZjAzXkEyXkFqcGdeQXVyMjUzOTY1NTc@._V1_SX300.jpg,"[{'Source': 'Internet Movie Database', 'Value': '6.2/10'}, {'Source': 'Rotten Tomatoes', 'Value': '37%'}, {'Source': 'Metacritic', 'Value': '42/100'}]",42,6.2,"15,624",tt0106941,movie,N/A,"$11,146,270",N/A,N/A,True,6.2/10,37%,42/100
Love Today,2022,N/A,04 Nov 2022,154 min,"Comedy, Drama, Romance",Pradeep Ranganathan,Pradeep Ranganathan,"Pradeep Ranganathan, Ivana, Yogi Babu","Two young lovers, who are made to exchange their phones for a day and what happens due to that.",Tamil,India,2 wins & 3 nominations,https://m.media-amazon.com/images/M/MV5BOTg5NWMzZmYtZGRkOC00YmNhLTk4NDQtYzYyMjdjYWVmYjAwXkEyXkFqcGdeQXVyMTUwMDg3OTQy._V1_SX300.jpg,"[{'Source': 'Internet Movie Database', 'Value': '8.0/10'}]",N/A,8.0,"15,571",tt22488728,movie,N/A,N/A,N/A,N/A,True,8.0/10,,
Love Potion No. 9,1992,PG-13,13 Nov 1992,92 min,"Comedy, Fantasy, Romance",Dale Launer,Dale Launer,"Tate Donovan, Sandra Bullock, Mary Mara",Two scientists who are hopeless with the opposite sex experiment with a substance that makes them irresistible to anyone who hears them speak.,English,United States,N/A,https://m.media-amazon.com/images/M/MV5BY2E2ODE4OTItNmEyNy00ODdmLWJmZjMtMGRiNDk5YjQzNmJhXkEyXkFqcGdeQXVyNjMwMjk0MTQ@._V1_SX300.jpg,"[{'Source': 'Internet Movie Database', 'Value': '5.7/10'}, {'Source': 'Rotten Tomatoes', 'Value': '25%'}, {'Source': 'Metacritic', 'Value': '47/100'}]",47,5.7,"15,338",tt0102343,movie,N/A,"$754,935",N/A,N/A,True,5.7/10,25%,47/100
Redeeming Love,2022,PG-13,21 Jan 2022,134 min,"Drama, Romance, Western",D.J. Caruso,"Francine Rivers, D.J. Caruso","Abigail Cowen, Tom Lewis, Eric Dane","Sold into prostitution as a child, Angel knows nothing but betrayal. Can her heart ever be mended? Based upon the novel by Francine Rivers.",English,United States,1 win & 1 nomination,https://m.media-amazon.com/images/M/MV5BMjRkZGQzNzctYjliYS00ZTY2LTg5MWMtODlmZTk2ODM0ZDE0XkEyXkFqcGdeQXVyODEzOTY2ODE@._V1_SX300.jpg,"[{'Source': 'Internet Movie Database', 'Value': '6.7/10'}, {'Source': 'Rotten Tomatoes', 'Value': '11%'}, {'Source': 'Metacritic', 'Value': '32/100'}]",32,6.7,"15,231",tt11365186,movie,N/A,"$9,214,020",N/A,N/A,True,6.7/10,11%,32/100
Love Is All You Need,2012,R,06 Sep 2012,116 min,"Comedy, Drama, Romance",Susanne Bier,"Anders Thomas Jensen, Susanne Bier","Pierce Brosnan, Trine Dyrholm, Molly Blixt Egelind","A hairdresser who has lost her hair to cancer, finds out her husband is having an affair, travels to Italy for her daughter's wedding, and meets a widower who still blames the world for the loss of his wife.","English, Danish, Italian","Denmark, Sweden, Italy, France, Germany",5 wins & 14 nominations,https://m.media-amazon.com/images/M/MV5BNzYxMDQwMzIzMF5BMl5BanBnXkFtZTcwNjcxODIzOQ@@._V1_SX300.jpg,"[{'Source': 'Internet Movie Database', 'Value': '6.5/10'}, {'Source': 'Rotten Tomatoes', 'Value': '75%'}, {'Source': 'Metacritic', 'Value': '60/100'}]",60,6.5,"14,917",tt1854236,movie,N/A,"$1,631,709",N/A,N/A,True,6.5/10,75%,60/100
Fire of Love,2022,PG,11 Nov 2022,98 min,"Documentary, Biography",Sara Dosa,"Sara Dosa, Erin Casper, Jocelyne Chaput","Miranda July, Katia Krafft, Maurice Krafft",Intrepid scientists and lovers Katia and Maurice Krafft died in a volcanic explosion doing the very thing that brought them together: unraveling the mysteries of volcanoes by capturing the most explosive imagery ever recorded.,"French, English","Canada, United States",Nominated for 1 Oscar. 34 wins & 66 nominations total,https://m.media-amazon.com/images/M/MV5BOTMwNjMxOWQtYTEyOC00OTUyLTlhMTItOGFkOTJkMWM1NDQ5XkEyXkFqcGdeQXVyMTAyMjQ3NzQ1._V1_SX300.jpg,"[{'Source': 'Internet Movie Database', 'Value': '7.6/10'}, {'Source': 'Rotten Tomatoes', 'Value': '98%'}, {'Source': 'Metacritic', 'Value': '83/100'}]",83,7.6,"14,847",tt16227014,movie,N/A,"$1,120,412",N/A,N/A,True,7.6/10,98%,83/100
Love and Other Disasters,2006,R,25 Apr 2007,90 min,"Comedy, Drama, Romance",Alek Keshishian,Alek Keshishian,"Brittany Murphy, Matthew Rhys, Catherine Tate",An American intern at U.K. Vogue helps her friends find love.,"English, Spanish","United Kingdom, France",N/A,https://m.media-amazon.com/images/M/MV5BZDI0ZmRlZDQtYWRhNi00MjFiLWE0ZTgtYzUzNTE5MTZmODg4XkEyXkFqcGdeQXVyMTMxMTY0OTQ@._V1_SX300.jpg,"[{'Source': 'Internet Movie Database', 'Value': '6.1/10'}, {'Source': 'Rotten Tomatoes', 'Value': '20%'}]",N/A,6.1,"14,743",tt0452643,movie,N/A,N/A,N/A,N/A,True,6.1/10,20%,
Love Again,2023,PG-13,05 May 2023,104 min,"Comedy, Drama, Romance",Jim Strouse,"Jim Strouse, Sofie Cramer, Andrea Willson","Priyanka Chopra Jonas, Sam Heughan, Céline Dion","A young woman tries to ease the pain of her fiancé's death by sending romantic texts to his old cell phone number, and forms a connection with the man the number has been reassigned to.",English,United States,N/A,https://m.media-amazon.com/images/M/MV5BNjQwZDIyNjAtZGQxMC00OTUwLWFiOWYtNzg2NDc5Mjc1MDQ5XkEyXkFqcGdeQXVyMTAxNzQ1NzI@._V1_SX300.jpg,"[{'Source': 'Internet Movie Database', 'Value': '5.9/10'}, {'Source': 'Rotten Tomatoes', 'Value': '28%'}, {'Source': 'Metacritic', 'Value': '32/100'}]",32,5.9,"14,176",tt10276482,movie,N/A,"$6,230,837",N/A,N/A,True,5.9/10,28%,32/100
Love in the Villa,2022,TV-14,01 Sep 2022,114 min,"Comedy, Romance",Mark Steven Johnson,Mark Steven Johnson,"Kat Graham, Tom Hopper, Raymond Ablack","A young woman takes a trip to romantic Verona, Italy, after a breakup, only to find that the villa she reserved was double-booked, and she'll have to share her vacation with a cynical British man.",English,United States,2 nominations,https://m.media-amazon.com/images/M/MV5BMjI5NmZmYTUtM2MzZS00ZmI0LTgyMzAtMTgwNWMyY2NjYjVkXkEyXkFqcGdeQXVyMTEyMjM2NDc2._V1_SX300.jpg,"[{'Source': 'Internet Movie Database', 'Value': '5.4/10'}, {'Source': 'Rotten Tomatoes', 'Value': '32%'}, {'Source': 'Metacritic', 'Value': '50/100'}]",50,5.4,"13,690",tt15463032,movie,N/A,N/A,N/A,N/A,True,5.4/10,32%,50/100
Hounds of Love,2016,Not Rated,12 May 2017,108 min,"Crime, Drama, Horror",Ben Young,Ben Young,"Emma Booth, Ashleigh Cummings, Stephen Curry",Vicki Maloney is randomly abducted from a suburban street by a disturbed couple. As she observes the dynamic between her captors she quickly realises she must drive a wedge between them if she is to survive.,English,Australia,21 wins & 33 nominations,https://m.media-amazon.com/images/M/MV5BMTk2Mjg3MzM5M15BMl5BanBnXkFtZTgwNTA4ODQ5MTI@._V1_SX300.jpg,"[{'Source': 'Internet Movie Database', 'Value': '6.5/10'}, {'Source': 'Rotten Tomatoes', 'Value': '88%'}, {'Source': 'Metacritic', 'Value': '73/100'}]",73,6.5,"13,666",tt3896738,movie,N/A,N/A,N/A,N/A,True,6.5/10,88%,73/100
Love Is Strange,2014,R,18 Dec 2014,94 min,"Drama, Romance",Ira Sachs,"Ira Sachs, Mauricio Zacharias","John Lithgow, Alfred Molina, Marisa Tomei","After Ben and George get married, George is fired from his teaching post, forcing them to stay with friends separately while they sell their place and look for cheaper housing -- a situation that weighs heavily on all involved.","English, Russian","United States, Greece",2 wins & 24 nominations,https://m.media-amazon.com/images/M/MV5BMTk5MTkxOTI1N15BMl5BanBnXkFtZTgwNzAwNDA4MTE@._V1_SX300.jpg,"[{'Source': 'Internet Movie Database', 'Value': '6.7/10'}, {'Source': 'Rotten Tomatoes', 'Value': '93%'}, {'Source': 'Metacritic', 'Value': '82/100'}]",82,6.7,"13,381",tt2639344,movie,N/A,"$2,262,223",N/A,N/A,True,6.7/10,93%,82/100
Last Love,2013,Not Rated,01 Nov 2013,111 min,"Comedy, Drama, Romance",Sandra Nettelbeck,"Sandra Nettelbeck, Françoise Dorner","Michael Caine, Michelle Goddet, Jane Alexander","He's a widower in Paris who speaks no French. She's a dance instructor less than half his age. Can they become a family, or will his estranged adult children halt the friendship?","English, French","Germany, Belgium, United States, France",4 nominations,https://m.media-amazon.com/images/M/MV5BMTk3Mzk1NjU2NV5BMl5BanBnXkFtZTgwODA3MjA1MDE@._V1_SX300.jpg,"[{'Source': 'Internet Movie Database', 'Value': '6.7/10'}, {'Source': 'Rotten Tomatoes', 'Value': '33%'}, {'Source': 'Metacritic', 'Value': '36/100'}]",36,6.7,"13,289",tt1838603,movie,N/A,N/A,N/A,N/A,True,6.7/10,33%,36/100
Like Someone in Love,2012,Not Rated,15 Sep 2012,109 min,Drama,Abbas Kiarostami,"Abbas Kiarostami, Mohammad Rahmani","Rin Takanashi, Tadashi Okuno, Ryô Kase","In Tokyo, a young sex worker develops an unexpected connection with a widower over a period of two days.",Japanese,"Japan, France",1 win & 6 nominations,https://m.media-amazon.com/images/M/MV5BODAyMjQ4NzE1OF5BMl5BanBnXkFtZTcwMTQzMDYwOQ@@._V1_SX300.jpg,"[{'Source': 'Internet Movie Database', 'Value': '7.0/10'}, {'Source': 'Rotten Tomatoes', 'Value': '83%'}, {'Source': 'Metacritic', 'Value': '76/100'}]",76,7.0,"13,220",tt1843287,movie,N/A,"$239,056",N/A,N/A,True,7.0/10,83%,76/100
Pamela: A Love Story,2023,TV-MA,31 Jan 2023,112 min,"Documentary, Biography",Ryan White,N/A,"Pamela Anderson, Fran Drescher, Alexandra Paul","Follows the life of pop culture icon Pamela Anderson, including never-before-seen archival footage and personal journals.",English,"United Kingdom, United States",Nominated for 2 Primetime Emmys. 4 nominations total,https://m.media-amazon.com/images/M/MV5BM2UxOWQ2MWQtMjE4ZS00MzVmLTgyZWEtNjBlOGNiOGVkZDA1XkEyXkFqcGdeQXVyMTQxNzE3ODA3._V1_SX300.jpg,"[{'Source': 'Internet Movie Database', 'Value': '7.2/10'}, {'Source': 'Rotten Tomatoes', 'Value': '96%'}, {'Source': 'Metacritic', 'Value': '66/100'}]",66,7.2,"12,955",tt18376122,movie,N/A,N/A,N/A,N/A,True,7.2/10,96%,66/100
Love Li,2024,N/A,14 Jun 2024,168 min,"Drama, Romance",Chethan Keshav,Chethan Keshav,"Vasishta N. Simha, Stefy Patel, Achyuth Kumar",Follows an Orphan who later becomes a gangster when he grows up,Kannada,India,N/A,https://m.media-amazon.com/images/M/MV5BZWRiNGJjM2YtNDM5NC00MGMwLTkxMmYtZTZmMGEzOWMwMzlmXkEyXkFqcGdeQXVyMTMxOTMyMTEx._V1_SX300.jpg,"[{'Source': 'Internet Movie Database', 'Value': '9.0/10'}]",N/A,9.0,"12,843",tt27051027,movie,N/A,N/A,N/A,N/A,True,9.0/10,,
I Love Trouble,1994,PG,29 Jun 1994,123 min,"Action, Comedy, Romance",Charles Shyer,"Nancy Meyers, Charles Shyer","Nick Nolte, Julia Roberts, Saul Rubinek",Peter Brackett and Sabrina Peterson are two competing Chicago newspaper reporters who join forces to unravel the mystery behind a train derailment.,English,United States,N/A,https://m.media-amazon.com/images/M/MV5BMWFhMTc1OWEtYmI1MS00YTcwLWI1ZmQtNjg0YWEyMDY1YjMxXkEyXkFqcGdeQXVyMTQxNzMzNDI@._V1_SX300.jpg,"[{'Source': 'Internet Movie Database', 'Value': '5.3/10'}, {'Source': 'Rotten Tomatoes', 'Value': '22%'}]",N/A,5.3,"12,634",tt0110093,movie,N/A,"$30,806,194",N/A,N/A,True,5.3/10,22%,
Kama Sutra: A Tale of Love,1996,Unrated,28 Feb 1997,114 min,"Crime, Drama, History",Mira Nair,"Helena Kriel, Mira Nair, Wajida Tabassum","Naveen Andrews, Sarita Choudhury, Indira Varma",Two female friends become sexual rivals at maturity.,"English, Italian","United Kingdom, Japan, Germany, United States",1 win & 1 nomination,https://m.media-amazon.com/images/M/MV5BYjNkYzhkNDAtOWY2OC00MTE1LWEzZTUtZmFkYjU1NzExYjYwXkEyXkFqcGdeQXVyMTY5Nzc4MDY@._V1_SX300.jpg,"[{'Source': 'Internet Movie Database', 'Value': '6.0/10'}, {'Source': 'Rotten Tomatoes', 'Value': '40%'}]",N/A,6.0,"11,402",tt0116743,movie,N/A,"$4,109,095",N/A,N/A,True,6.0/10,40%,
Love Letter,1995,PG,10 Jul 1998,117 min,"Drama, Romance",Shunji Iwai,Shunji Iwai,"Miho Nakayama, Etsushi Toyokawa, Bunjaku Han","After losing her fiance in a fatal mountain-climbing incident, Hiroko was devastated. She comes across his childhood address in a school yearbook and impulsively writes to him. But what happens when she receives a reply?",Japanese,Japan,14 wins & 3 nominations,https://m.media-amazon.com/images/M/MV5BNWY3M2NmNDAtYTllMy00ZmFhLTkxMWUtNzU1MDJiYWQ1ZjNlXkEyXkFqcGc@._V1_SX300.jpg,"[{'Source': 'Internet Movie Database', 'Value': '7.9/10'}]",N/A,7.9,"11,267",tt0113703,movie,N/A,N/A,N/A,N/A,True,7.9/10,,
Love Hostel,2022,N/A,25 Feb 2022,100 min,"Action, Crime, Romance",Shanker Raman,"Mehak Jamal, Shanker Raman, Kunal Sharma","Bobby Deol, Vikrant Massey, Sanya Malhotra","Set against the pulsating backdrop of rustic North India, Love Hostel traces the volatile journey of a spirited young couple, being hunted by a ruthless mercenary.",Hindi,India,3 wins & 5 nominations,https://m.media-amazon.com/images/M/MV5BZTg2MmU4NzAtZWRkYS00MzhlLWJmYjItMDE2NGQ4NmRmYWU2XkEyXkFqcGdeQXVyMTIzMzg0MTM2._V1_SX300.jpg,"[{'Source': 'Internet Movie Database', 'Value': '5.9/10'}]",N/A,5.9,"11,218",tt13364468,movie,N/A,N/A,N/A,N/A,True,5.9/10,,
The Strange Love of Martha Ivers,1946,Approved,13 Sep 1946,116 min,"Drama, Film-Noir, Romance",Lewis Milestone,"Robert Rossen, John Patrick, Robert Riskin","Barbara Stanwyck, Van Heflin, Lizabeth Scott",A man is reunited with his childhood friend and her husband who believes he knows the truth about the death of her rich aunt years earlier.,English,United States,Nominated for 1 Oscar. 2 nominations total,https://m.media-amazon.com/images/M/MV5BZmJjMDIxMGUtZWM1NS00ZTg5LWI2NWQtNjUxZjc5MjI5OTc3XkEyXkFqcGdeQXVyNjc0MzMzNjA@._V1_SX300.jpg,"[{'Source': 'Internet Movie Database', 'Value': '7.4/10'}, {'Source': 'Rotten Tomatoes', 'Value': '100%'}]",N/A,7.4,"11,180",tt0038988,movie,N/A,N/A,N/A,N/A,True,7.4/10,100%,
Enduring Love,2004,R,26 Nov 2004,100 min,"Drama, Mystery, Romance",Roger Michell,"Ian McEwan, Joe Penhall","Rhys Ifans, Daniel Craig, Samantha Morton","Two strangers become connected by a tragedy, yet one dangerously feels that the connection goes much deeper than the other is willing to admit.",English,United Kingdom,4 wins & 12 nominations,https://m.media-amazon.com/images/M/MV5BZmUzZDZlZTMtMDg0Mi00ZDA4LThkMjAtNDRlODMxMGVkNDk0XkEyXkFqcGdeQXVyNjU0NTI0Nw@@._V1_SX300.jpg,"[{'Source': 'Internet Movie Database', 'Value': '6.3/10'}, {'Source': 'Rotten Tomatoes', 'Value': '59%'}, {'Source': 'Metacritic', 'Value': '61/100'}]",61,6.3,"11,046",tt0375735,movie,N/A,"$358,362",N/A,N/A,True,6.3/10,59%,61/100
